-- phpMyAdmin SQL Dump
-- version 4.9.7
-- https://www.phpmyadmin.net/
--
-- Host: localhost:3306
-- Generation Time: Apr 11, 2022 at 06:00 PM
-- Server version: 10.3.34-MariaDB-cll-lve
-- PHP Version: 7.4.28

SET SQL_MODE = "NO_AUTO_VALUE_ON_ZERO";
SET AUTOCOMMIT = 0;
START TRANSACTION;
SET time_zone = "+00:00";


/*!40101 SET @OLD_CHARACTER_SET_CLIENT=@@CHARACTER_SET_CLIENT */;
/*!40101 SET @OLD_CHARACTER_SET_RESULTS=@@CHARACTER_SET_RESULTS */;
/*!40101 SET @OLD_COLLATION_CONNECTION=@@COLLATION_CONNECTION */;
/*!40101 SET NAMES utf8mb4 */;

--
-- Database: `apli2917_ss`
--

-- --------------------------------------------------------

--
-- Table structure for table `authentication_log`
--

CREATE TABLE `authentication_log` (
  `id` bigint(20) UNSIGNED NOT NULL,
  `authenticatable_type` varchar(255) NOT NULL,
  `authenticatable_id` bigint(20) NOT NULL,
  `ip_address` varchar(45) DEFAULT NULL,
  `user_agent` text DEFAULT NULL,
  `login_at` timestamp NULL DEFAULT NULL,
  `logout_at` timestamp NULL DEFAULT NULL
) ENGINE=InnoDB DEFAULT CHARSET=latin1;

--
-- Dumping data for table `authentication_log`
--

INSERT INTO `authentication_log` (`id`, `authenticatable_type`, `authenticatable_id`, `ip_address`, `user_agent`, `login_at`, `logout_at`) VALUES
(7, 'App\\Models\\User', 2, '127.0.0.1', 'Mozilla/5.0 (Macintosh; Intel Mac OS X 10_15_7) AppleWebKit/537.36 (KHTML, like Gecko) Chrome/100.0.4896.75 Safari/537.36', '2022-04-09 03:10:16', NULL),
(11, 'App\\Models\\User', 2, '127.0.0.1', 'Mozilla/5.0 (Macintosh; Intel Mac OS X 10_15_7) AppleWebKit/537.36 (KHTML, like Gecko) Chrome/100.0.4896.75 Safari/537.36', '2022-04-09 05:53:38', '2022-04-09 06:08:09'),
(14, 'App\\Models\\User', 2, '127.0.0.1', 'Mozilla/5.0 (Macintosh; Intel Mac OS X 10_15_7) AppleWebKit/537.36 (KHTML, like Gecko) Chrome/100.0.4896.75 Safari/537.36', '2022-04-09 06:11:31', '2022-04-09 06:11:59'),
(16, 'App\\Models\\User', 2, '127.0.0.1', 'Mozilla/5.0 (Macintosh; Intel Mac OS X 10_15_7) AppleWebKit/537.36 (KHTML, like Gecko) Chrome/100.0.4896.75 Safari/537.36', '2022-04-09 06:16:20', '2022-04-09 06:21:47'),
(18, 'App\\Models\\User', 2, '127.0.0.1', 'Mozilla/5.0 (Macintosh; Intel Mac OS X 10_15_7) AppleWebKit/537.36 (KHTML, like Gecko) Chrome/100.0.4896.75 Safari/537.36', '2022-04-09 06:23:38', NULL),
(19, 'App\\Models\\User', 1, '127.0.0.1', 'Mozilla/5.0 (Macintosh; Intel Mac OS X 10_15_7) AppleWebKit/537.36 (KHTML, like Gecko) Chrome/100.0.4896.75 Safari/537.36', '2022-04-09 06:27:39', NULL),
(20, 'App\\Models\\User', 1, '127.0.0.1', 'Mozilla/5.0 (Macintosh; Intel Mac OS X 10_15_7) AppleWebKit/537.36 (KHTML, like Gecko) Chrome/100.0.4896.75 Safari/537.36', '2022-04-09 17:27:53', '2022-04-09 17:43:15'),
(21, 'App\\Models\\User', 1, '127.0.0.1', 'Mozilla/5.0 (Macintosh; Intel Mac OS X 10_15_7) AppleWebKit/537.36 (KHTML, like Gecko) Chrome/100.0.4896.75 Safari/537.36', '2022-04-09 17:45:58', '2022-04-09 17:46:19'),
(22, 'App\\Models\\User', 2, '127.0.0.1', 'Mozilla/5.0 (Macintosh; Intel Mac OS X 10_15_7) AppleWebKit/537.36 (KHTML, like Gecko) Chrome/100.0.4896.75 Safari/537.36', '2022-04-09 17:50:23', '2022-04-09 17:56:06'),
(23, 'App\\Models\\User', 1, '127.0.0.1', 'Mozilla/5.0 (Macintosh; Intel Mac OS X 10_15_7) AppleWebKit/537.36 (KHTML, like Gecko) Chrome/100.0.4896.75 Safari/537.36', '2022-04-09 17:56:09', NULL),
(24, 'App\\Models\\User', 1, '127.0.0.1', 'Mozilla/5.0 (Macintosh; Intel Mac OS X 10_15_7) AppleWebKit/537.36 (KHTML, like Gecko) Chrome/100.0.4896.75 Safari/537.36', '2022-04-10 02:07:21', '2022-04-10 10:13:38'),
(25, 'App\\Models\\User', 2, '127.0.0.1', 'Mozilla/5.0 (Macintosh; Intel Mac OS X 10_15_7) AppleWebKit/537.36 (KHTML, like Gecko) Chrome/100.0.4896.75 Safari/537.36', '2022-04-10 10:13:45', '2022-04-10 10:29:55'),
(27, 'App\\Models\\User', 2, '140.213.127.39', 'Mozilla/5.0 (Macintosh; Intel Mac OS X 10_15_7) AppleWebKit/537.36 (KHTML, like Gecko) Chrome/100.0.4896.75 Safari/537.36', '2022-04-10 12:59:55', NULL),
(28, 'App\\Models\\User', 2, '203.78.121.107', 'Mozilla/5.0 (Linux; Android 12; SM-F916B) AppleWebKit/537.36 (KHTML, like Gecko) Chrome/100.0.4896.79 Mobile Safari/537.36', '2022-04-10 13:29:37', '2022-04-10 13:33:07'),
(29, 'App\\Models\\User', 2, '114.122.138.228', 'Mozilla/5.0 (Windows NT 10.0; Win64; x64) AppleWebKit/537.36 (KHTML, like Gecko) Chrome/100.0.4896.75 Safari/537.36 Edg/100.0.1185.36', '2022-04-10 13:30:56', NULL),
(30, 'App\\Models\\User', 3, '114.122.138.228', 'Mozilla/5.0 (Windows NT 10.0; Win64; x64; rv:99.0) Gecko/20100101 Firefox/99.0', '2022-04-10 13:32:25', '2022-04-10 13:39:21'),
(31, 'App\\Models\\User', 1, '203.78.121.107', 'Mozilla/5.0 (Linux; Android 12; SM-F916B) AppleWebKit/537.36 (KHTML, like Gecko) Chrome/100.0.4896.79 Mobile Safari/537.36', '2022-04-10 13:33:22', '2022-04-10 13:37:37'),
(32, 'App\\Models\\User', 3, '114.122.138.228', 'Mozilla/5.0 (Windows NT 10.0; Win64; x64; rv:99.0) Gecko/20100101 Firefox/99.0', '2022-04-10 13:40:25', '2022-04-10 13:40:41'),
(33, 'App\\Models\\User', 2, '203.78.121.107', 'Mozilla/5.0 (Linux; Android 12; SM-F916B) AppleWebKit/537.36 (KHTML, like Gecko) Chrome/100.0.4896.79 Mobile Safari/537.36', '2022-04-10 13:41:12', '2022-04-10 13:41:46'),
(34, 'App\\Models\\User', 4, '114.122.138.228', 'Mozilla/5.0 (Windows NT 10.0; Win64; x64; rv:99.0) Gecko/20100101 Firefox/99.0', '2022-04-10 13:41:12', '2022-04-10 13:44:59'),
(35, 'App\\Models\\User', 1, '203.78.121.107', 'Mozilla/5.0 (Linux; Android 12; SM-F916B) AppleWebKit/537.36 (KHTML, like Gecko) Chrome/100.0.4896.79 Mobile Safari/537.36', '2022-04-10 13:41:56', NULL),
(36, 'App\\Models\\User', 3, '114.122.138.228', 'Mozilla/5.0 (Windows NT 10.0; Win64; x64) AppleWebKit/537.36 (KHTML, like Gecko) Chrome/100.0.4896.75 Safari/537.36', '2022-04-10 13:43:47', '2022-04-10 13:48:42'),
(37, 'App\\Models\\User', 5, '114.122.138.228', 'Mozilla/5.0 (Windows NT 10.0; Win64; x64; rv:99.0) Gecko/20100101 Firefox/99.0', '2022-04-10 13:45:41', '2022-04-10 13:46:28'),
(38, 'App\\Models\\User', 5, '114.122.138.228', 'Mozilla/5.0 (Windows NT 10.0; Win64; x64; rv:99.0) Gecko/20100101 Firefox/99.0', '2022-04-10 13:46:45', '2022-04-10 13:47:46'),
(39, 'App\\Models\\User', 4, '114.122.138.228', 'Mozilla/5.0 (Windows NT 10.0; Win64; x64; rv:99.0) Gecko/20100101 Firefox/99.0', '2022-04-10 13:47:52', '2022-04-10 13:48:20'),
(40, 'App\\Models\\User', 5, '114.122.138.228', 'Mozilla/5.0 (Windows NT 10.0; Win64; x64; rv:99.0) Gecko/20100101 Firefox/99.0', '2022-04-10 13:48:28', NULL),
(41, 'App\\Models\\User', 6, '114.122.142.160', 'Mozilla/5.0 (Windows NT 10.0; Win64; x64) AppleWebKit/537.36 (KHTML, like Gecko) Chrome/100.0.4896.75 Safari/537.36', '2022-04-10 13:49:35', '2022-04-10 13:51:58'),
(42, 'App\\Models\\User', 7, '114.122.142.160', 'Mozilla/5.0 (Windows NT 10.0; Win64; x64) AppleWebKit/537.36 (KHTML, like Gecko) Chrome/100.0.4896.75 Safari/537.36', '2022-04-10 13:52:27', '2022-04-10 13:53:42'),
(43, 'App\\Models\\User', 8, '114.122.142.160', 'Mozilla/5.0 (Windows NT 10.0; Win64; x64) AppleWebKit/537.36 (KHTML, like Gecko) Chrome/100.0.4896.75 Safari/537.36', '2022-04-10 13:54:33', '2022-04-10 13:56:14'),
(44, 'App\\Models\\User', 9, '114.122.142.160', 'Mozilla/5.0 (Windows NT 10.0; Win64; x64) AppleWebKit/537.36 (KHTML, like Gecko) Chrome/100.0.4896.75 Safari/537.36', '2022-04-10 13:56:43', '2022-04-10 13:57:35'),
(45, 'App\\Models\\User', 10, '114.122.142.160', 'Mozilla/5.0 (Windows NT 10.0; Win64; x64) AppleWebKit/537.36 (KHTML, like Gecko) Chrome/100.0.4896.75 Safari/537.36', '2022-04-10 13:58:02', '2022-04-10 14:00:38'),
(46, 'App\\Models\\User', 11, '114.122.142.160', 'Mozilla/5.0 (Windows NT 10.0; Win64; x64) AppleWebKit/537.36 (KHTML, like Gecko) Chrome/100.0.4896.75 Safari/537.36', '2022-04-10 14:00:45', '2022-04-10 14:04:16'),
(47, 'App\\Models\\User', 5, '114.122.142.160', 'Mozilla/5.0 (Windows NT 10.0; Win64; x64; rv:99.0) Gecko/20100101 Firefox/99.0', NULL, '2022-04-10 14:01:32'),
(48, 'App\\Models\\User', 3, '114.122.142.160', 'Mozilla/5.0 (Windows NT 10.0; Win64; x64; rv:99.0) Gecko/20100101 Firefox/99.0', '2022-04-10 14:01:37', '2022-04-10 14:02:21'),
(49, 'App\\Models\\User', 4, '114.122.142.160', 'Mozilla/5.0 (Windows NT 10.0; Win64; x64; rv:99.0) Gecko/20100101 Firefox/99.0', '2022-04-10 14:02:27', '2022-04-10 14:03:04'),
(50, 'App\\Models\\User', 5, '114.122.142.160', 'Mozilla/5.0 (Windows NT 10.0; Win64; x64; rv:99.0) Gecko/20100101 Firefox/99.0', '2022-04-10 14:03:14', '2022-04-10 14:05:55'),
(51, 'App\\Models\\User', 6, '114.122.142.160', 'Mozilla/5.0 (Windows NT 10.0; Win64; x64) AppleWebKit/537.36 (KHTML, like Gecko) Chrome/100.0.4896.75 Safari/537.36', '2022-04-10 14:04:23', '2022-04-10 14:26:27'),
(52, 'App\\Models\\User', 3, '114.122.142.160', 'Mozilla/5.0 (Windows NT 10.0; Win64; x64; rv:99.0) Gecko/20100101 Firefox/99.0', '2022-04-10 14:06:00', NULL),
(53, 'App\\Models\\User', 9, '114.122.142.160', 'Mozilla/5.0 (Windows NT 10.0; Win64; x64) AppleWebKit/537.36 (KHTML, like Gecko) Chrome/100.0.4896.75 Safari/537.36', '2022-04-10 14:26:37', NULL),
(54, 'App\\Models\\User', 3, '36.85.104.156', 'Mozilla/5.0 (Linux; Android 12; SM-F916B) AppleWebKit/537.36 (KHTML, like Gecko) Chrome/100.0.4896.79 Mobile Safari/537.36', '2022-04-10 17:39:03', '2022-04-10 17:40:53'),
(55, 'App\\Models\\User', 3, '36.85.104.156', 'Mozilla/5.0 (Linux; Android 12; SM-F916B) AppleWebKit/537.36 (KHTML, like Gecko) Chrome/100.0.4896.79 Mobile Safari/537.36', '2022-04-10 17:41:02', '2022-04-10 17:51:26'),
(56, 'App\\Models\\User', 12, '36.85.104.156', 'Mozilla/5.0 (X11; Linux x86_64) AppleWebKit/537.36 (KHTML, like Gecko) SamsungBrowser/16.2 Chrome/92.0.4515.166 Safari/537.36', '2022-04-10 17:47:30', NULL),
(57, 'App\\Models\\User', 1, '36.85.104.156', 'Mozilla/5.0 (Linux; Android 12; SM-F916B) AppleWebKit/537.36 (KHTML, like Gecko) Chrome/100.0.4896.79 Mobile Safari/537.36', '2022-04-10 17:51:40', '2022-04-10 17:52:30'),
(58, 'App\\Models\\User', 3, '36.85.104.156', 'Mozilla/5.0 (Linux; Android 12; SM-F916B) AppleWebKit/537.36 (KHTML, like Gecko) Chrome/100.0.4896.79 Mobile Safari/537.36', '2022-04-10 17:52:38', '2022-04-10 18:00:53'),
(59, 'App\\Models\\User', 2, '36.85.104.156', 'Mozilla/5.0 (Linux; Android 12; SM-F916B) AppleWebKit/537.36 (KHTML, like Gecko) Chrome/100.0.4896.79 Mobile Safari/537.36', '2022-04-10 18:01:06', '2022-04-10 18:05:42'),
(60, 'App\\Models\\User', 12, '36.85.104.156', 'Mozilla/5.0 (Linux; Android 12; SM-F916B) AppleWebKit/537.36 (KHTML, like Gecko) Chrome/100.0.4896.79 Mobile Safari/537.36', '2022-04-10 18:05:50', '2022-04-10 18:18:37'),
(61, 'App\\Models\\User', 3, '36.85.104.156', 'Mozilla/5.0 (Linux; Android 12; SM-F916B) AppleWebKit/537.36 (KHTML, like Gecko) Chrome/100.0.4896.79 Mobile Safari/537.36', '2022-04-10 18:18:52', '2022-04-10 18:21:03'),
(62, 'App\\Models\\User', 3, '36.85.104.156', 'Mozilla/5.0 (Linux; Android 12; SM-F916B) AppleWebKit/537.36 (KHTML, like Gecko) Chrome/100.0.4896.79 Mobile Safari/537.36', '2022-04-10 18:21:12', '2022-04-10 18:21:16'),
(63, 'App\\Models\\User', 4, '36.85.104.156', 'Mozilla/5.0 (Linux; Android 12; SM-F916B) AppleWebKit/537.36 (KHTML, like Gecko) Chrome/100.0.4896.79 Mobile Safari/537.36', '2022-04-10 18:22:18', '2022-04-10 18:24:04'),
(64, 'App\\Models\\User', 2, '36.85.104.156', 'Mozilla/5.0 (Linux; Android 12; SM-F916B) AppleWebKit/537.36 (KHTML, like Gecko) Chrome/100.0.4896.79 Mobile Safari/537.36', '2022-04-10 18:24:14', NULL),
(65, 'App\\Models\\User', 5, '110.136.219.223', 'Mozilla/5.0 (Linux; Android 12; SM-F916B) AppleWebKit/537.36 (KHTML, like Gecko) Chrome/100.0.4896.79 Mobile Safari/537.36', '2022-04-10 21:46:37', NULL),
(66, 'App\\Models\\User', 9, '110.136.219.223', 'Mozilla/5.0 (Linux; Android 12; SM-F916B) AppleWebKit/537.36 (KHTML, like Gecko) Chrome/100.0.4896.79 Mobile Safari/537.36', '2022-04-11 03:39:46', NULL),
(67, 'App\\Models\\User', 9, '110.136.219.223', 'Mozilla/5.0 (Linux; Android 12; SM-F916B) AppleWebKit/537.36 (KHTML, like Gecko) Chrome/100.0.4896.79 Mobile Safari/537.36', '2022-04-11 08:29:51', NULL),
(68, 'App\\Models\\User', 3, '110.136.219.223', 'Mozilla/5.0 (Linux; Android 12; SM-F916B) AppleWebKit/537.36 (KHTML, like Gecko) Chrome/100.0.4896.79 Mobile Safari/537.36', '2022-04-11 11:56:13', NULL),
(69, 'App\\Models\\User', 3, '110.136.216.174', 'Mozilla/5.0 (Macintosh; Intel Mac OS X 10_15_7) AppleWebKit/537.36 (KHTML, like Gecko) Chrome/100.0.4896.75 Safari/537.36', '2022-04-11 11:57:53', NULL);

-- --------------------------------------------------------

--
-- Table structure for table `contract`
--

CREATE TABLE `contract` (
  `id` bigint(20) NOT NULL,
  `name` varchar(255) DEFAULT NULL,
  `value` int(11) DEFAULT NULL,
  `benefit` int(11) DEFAULT NULL,
  `amount_per_withdrawal` double(10,2) DEFAULT NULL,
  `sponsorship_benefits` double(10,2) DEFAULT NULL,
  `first_level_benefits` double(10,2) DEFAULT NULL,
  `second_level_benefits` double(10,2) DEFAULT NULL,
  `third_level_benefits` double(10,2) DEFAULT NULL,
  `forth_level_benefits` double(10,2) DEFAULT NULL,
  `created_at` datetime DEFAULT NULL,
  `updated_at` datetime DEFAULT NULL
) ENGINE=InnoDB DEFAULT CHARSET=latin1;

--
-- Dumping data for table `contract`
--

INSERT INTO `contract` (`id`, `name`, `value`, `benefit`, `amount_per_withdrawal`, `sponsorship_benefits`, `first_level_benefits`, `second_level_benefits`, `third_level_benefits`, `forth_level_benefits`, `created_at`, `updated_at`) VALUES
(1, 'S1', 100, 60, 3.00, 8.00, 3.00, 2.00, 1.00, 1.00, NULL, NULL),
(2, 'S1', 500, 300, 3.00, 40.00, 15.00, 10.00, 5.00, 5.00, NULL, NULL),
(3, 'S1', 1000, 600, 15.00, 80.00, 30.00, 20.00, 10.00, 10.00, NULL, NULL),
(4, 'S1', 2000, 1200, 30.00, 160.00, 60.00, 40.00, 20.00, 20.00, NULL, NULL),
(5, 'S1', 5000, 3000, 60.00, 400.00, 150.00, 100.00, 50.00, 50.00, NULL, NULL),
(6, 'S2', 10000, 9000, 150.00, 800.00, 300.00, 200.00, 100.00, 100.00, NULL, NULL),
(7, 'S2', 15000, 13500, 450.00, 1200.00, 450.00, 300.00, 150.00, 150.00, NULL, NULL),
(8, 'S2', 20000, 18000, 675.00, 1600.00, 600.00, 400.00, 200.00, 200.00, NULL, NULL),
(9, 'S2', 25000, 22500, 900.00, 2000.00, 750.00, 500.00, 250.00, 250.00, NULL, NULL),
(10, 'S2', 30000, 27000, 1125.00, 2400.00, 900.00, 600.00, 300.00, 300.00, NULL, NULL);

-- --------------------------------------------------------

--
-- Table structure for table `deposit`
--

CREATE TABLE `deposit` (
  `id` bigint(20) NOT NULL,
  `wallet` varchar(255) DEFAULT NULL,
  `amount` decimal(20,10) DEFAULT NULL,
  `requisite` varchar(255) DEFAULT NULL,
  `id_owner` bigint(20) DEFAULT NULL,
  `id_user` bigint(20) DEFAULT NULL,
  `information` varchar(255) DEFAULT NULL,
  `id_operator` bigint(20) DEFAULT NULL,
  `created_at` timestamp NULL DEFAULT NULL,
  `updated_at` timestamp NULL DEFAULT NULL,
  `deleted_at` timestamp NULL DEFAULT NULL,
  `processed_at` timestamp NULL DEFAULT NULL
) ENGINE=InnoDB DEFAULT CHARSET=latin1;

--
-- Dumping data for table `deposit`
--

INSERT INTO `deposit` (`id`, `wallet`, `amount`, `requisite`, `id_owner`, `id_user`, `information`, `id_operator`, `created_at`, `updated_at`, `deleted_at`, `processed_at`) VALUES
(1, '1241lkasjdfoi3j5o23', '5220.2980000000', 'Registration', 3, 3, 'ani', 1, '2022-04-10 13:32:25', '2022-04-10 13:37:12', NULL, '2022-04-10 13:37:12'),
(2, '1241lkasjdfoi3j5o23', '20879.7340000000', 'Registration', 4, 4, 'erul', 1, '2022-04-10 13:41:12', '2022-04-10 13:42:20', NULL, '2022-04-10 13:42:20'),
(3, '1241lkasjdfoi3j5o23', '31319.6000000000', 'Registration', 5, 5, 'satria', 1, '2022-04-10 13:45:41', '2022-04-10 13:46:08', NULL, '2022-04-10 13:46:08'),
(4, '1241lkasjdfoi3j5o23', '26101.4840000000', 'Registration', 6, 6, 'ari', 1, '2022-04-10 13:49:35', '2022-04-10 13:50:56', NULL, '2022-04-10 13:50:56'),
(5, '1241lkasjdfoi3j5o23', '15659.8010000000', 'Registration', 7, 7, 'oyi', 1, '2022-04-10 13:52:27', '2022-04-10 13:52:59', NULL, '2022-04-10 13:52:59'),
(6, '1241lkasjdfoi3j5o23', '31321.7800000000', 'Registration', 8, 8, 'sur', 1, '2022-04-10 13:54:33', '2022-04-10 13:55:01', NULL, '2022-04-10 13:55:01'),
(7, '1241lkasjdfoi3j5o23', '104.4000000000', 'Registration', 9, 9, 'fajar', 1, '2022-04-10 13:56:42', '2022-04-10 13:57:11', NULL, '2022-04-10 13:57:11'),
(8, '1241lkasjdfoi3j5o23', '522.0310000000', 'Registration', 10, 10, 'harun', 1, '2022-04-10 13:58:02', '2022-04-10 13:58:38', NULL, '2022-04-10 13:58:38'),
(9, '1241lkasjdfoi3j5o23', '1044.0600000000', 'Enrollment', 10, 11, 'bis', 1, '2022-04-10 13:59:38', '2022-04-10 14:00:31', NULL, '2022-04-10 14:00:31'),
(10, '1241lkasjdfoi3j5o23', '1043.9880000000', 'Registration', 12, 12, 'Tyuj', 1, '2022-04-10 17:47:30', '2022-04-10 17:51:57', NULL, '2022-04-10 17:51:57');

-- --------------------------------------------------------

--
-- Table structure for table `failed_jobs`
--

CREATE TABLE `failed_jobs` (
  `id` bigint(20) UNSIGNED NOT NULL,
  `uuid` varchar(255) NOT NULL,
  `connection` text NOT NULL,
  `queue` text NOT NULL,
  `payload` longtext NOT NULL,
  `exception` longtext NOT NULL,
  `failed_at` timestamp NOT NULL DEFAULT current_timestamp()
) ENGINE=InnoDB DEFAULT CHARSET=latin1;

-- --------------------------------------------------------

--
-- Table structure for table `income`
--

CREATE TABLE `income` (
  `id` bigint(20) NOT NULL,
  `description` text DEFAULT NULL,
  `debit` decimal(40,30) DEFAULT NULL,
  `credit` decimal(40,30) DEFAULT NULL,
  `id_user` bigint(20) NOT NULL,
  `id_withdrawal` bigint(20) DEFAULT NULL,
  `created_at` timestamp NULL DEFAULT NULL,
  `updated_at` timestamp NULL DEFAULT NULL,
  `deleted_at` timestamp NULL DEFAULT NULL
) ENGINE=InnoDB DEFAULT CHARSET=latin1;

--
-- Dumping data for table `income`
--

INSERT INTO `income` (`id`, `description`, `debit`, `credit`, `id_user`, `id_withdrawal`, `created_at`, `updated_at`, `deleted_at`) VALUES
(1, 'Refferral income 8% of $ 5,000 by ani', '0.000000000000000000000000000000', '400.000000000000000000000000000000', 2, NULL, '2022-04-10 13:37:12', '2022-04-10 13:37:12', NULL),
(2, 'Refferral income 8% of $ 20,000 by erul', '0.000000000000000000000000000000', '1600.000000000000000000000000000000', 3, NULL, '2022-04-10 13:42:20', '2022-04-10 13:42:20', NULL),
(3, 'Level 1 income 3% of $ 20,000 by erul', '0.000000000000000000000000000000', '600.000000000000000000000000000000', 2, NULL, '2022-04-10 13:42:20', '2022-04-10 13:42:20', NULL),
(4, 'Refferral income 8% of $ 30,000 by satria', '0.000000000000000000000000000000', '2400.000000000000000000000000000000', 4, NULL, '2022-04-10 13:46:08', '2022-04-10 13:46:08', NULL),
(5, 'Level 1 income 3% of $ 30,000 by satria', '0.000000000000000000000000000000', '900.000000000000000000000000000000', 3, NULL, '2022-04-10 13:46:08', '2022-04-10 13:46:08', NULL),
(6, 'Level 2 income 2% of $ 30,000 by satria', '0.000000000000000000000000000000', '600.000000000000000000000000000000', 2, NULL, '2022-04-10 13:46:08', '2022-04-10 13:46:08', NULL),
(7, 'Refferral income 8% of $ 25,000 by ari', '0.000000000000000000000000000000', '2000.000000000000000000000000000000', 5, NULL, '2022-04-10 13:50:56', '2022-04-10 13:50:56', NULL),
(8, 'Level 1 income 3% of $ 25,000 by ari', '0.000000000000000000000000000000', '750.000000000000000000000000000000', 4, NULL, '2022-04-10 13:50:56', '2022-04-10 13:50:56', NULL),
(9, 'Level 2 income 2% of $ 25,000 by ari', '0.000000000000000000000000000000', '500.000000000000000000000000000000', 3, NULL, '2022-04-10 13:50:56', '2022-04-10 13:50:56', NULL),
(10, 'Level 3 income 1% of $ 25,000 by ari', '0.000000000000000000000000000000', '250.000000000000000000000000000000', 2, NULL, '2022-04-10 13:50:56', '2022-04-10 13:50:56', NULL),
(11, 'Refferral income 8% of $ 15,000 by oyi', '0.000000000000000000000000000000', '1200.000000000000000000000000000000', 6, NULL, '2022-04-10 13:52:59', '2022-04-10 13:52:59', NULL),
(12, 'Level 1 income 3% of $ 15,000 by oyi', '0.000000000000000000000000000000', '450.000000000000000000000000000000', 5, NULL, '2022-04-10 13:52:59', '2022-04-10 13:52:59', NULL),
(13, 'Level 2 income 2% of $ 15,000 by oyi', '0.000000000000000000000000000000', '300.000000000000000000000000000000', 4, NULL, '2022-04-10 13:52:59', '2022-04-10 13:52:59', NULL),
(14, 'Level 3 income 1% of $ 15,000 by oyi', '0.000000000000000000000000000000', '150.000000000000000000000000000000', 3, NULL, '2022-04-10 13:52:59', '2022-04-10 13:52:59', NULL),
(15, 'Level 4 income 1% of $ 15,000 by oyi', '0.000000000000000000000000000000', '150.000000000000000000000000000000', 2, NULL, '2022-04-10 13:52:59', '2022-04-10 13:52:59', NULL),
(16, 'Refferral income 8% of $ 30,000 by sur', '0.000000000000000000000000000000', '2400.000000000000000000000000000000', 7, NULL, '2022-04-10 13:55:01', '2022-04-10 13:55:01', NULL),
(17, 'Level 1 income 3% of $ 30,000 by sur', '0.000000000000000000000000000000', '900.000000000000000000000000000000', 6, NULL, '2022-04-10 13:55:01', '2022-04-10 13:55:01', NULL),
(18, 'Level 2 income 2% of $ 30,000 by sur', '0.000000000000000000000000000000', '600.000000000000000000000000000000', 5, NULL, '2022-04-10 13:55:01', '2022-04-10 13:55:01', NULL),
(19, 'Level 3 income 1% of $ 30,000 by sur', '0.000000000000000000000000000000', '300.000000000000000000000000000000', 4, NULL, '2022-04-10 13:55:01', '2022-04-10 13:55:01', NULL),
(20, 'Level 4 income 1% of $ 30,000 by sur', '0.000000000000000000000000000000', '300.000000000000000000000000000000', 3, NULL, '2022-04-10 13:55:01', '2022-04-10 13:55:01', NULL),
(21, 'Refferral income 8% of $ 100 by fajar', '0.000000000000000000000000000000', '8.000000000000000000000000000000', 8, NULL, '2022-04-10 13:57:11', '2022-04-10 13:57:11', NULL),
(22, 'Level 1 income 3% of $ 100 by fajar', '0.000000000000000000000000000000', '3.000000000000000000000000000000', 7, NULL, '2022-04-10 13:57:11', '2022-04-10 13:57:11', NULL),
(23, 'Level 2 income 2% of $ 100 by fajar', '0.000000000000000000000000000000', '2.000000000000000000000000000000', 6, NULL, '2022-04-10 13:57:11', '2022-04-10 13:57:11', NULL),
(24, 'Level 3 income 1% of $ 100 by fajar', '0.000000000000000000000000000000', '1.000000000000000000000000000000', 5, NULL, '2022-04-10 13:57:11', '2022-04-10 13:57:11', NULL),
(25, 'Level 4 income 1% of $ 100 by fajar', '0.000000000000000000000000000000', '1.000000000000000000000000000000', 4, NULL, '2022-04-10 13:57:11', '2022-04-10 13:57:11', NULL),
(26, 'Refferral income 8% of $ 500 by harun', '0.000000000000000000000000000000', '40.000000000000000000000000000000', 9, NULL, '2022-04-10 13:58:38', '2022-04-10 13:58:38', NULL),
(27, 'Level 1 income 3% of $ 500 by harun', '0.000000000000000000000000000000', '15.000000000000000000000000000000', 8, NULL, '2022-04-10 13:58:38', '2022-04-10 13:58:38', NULL),
(28, 'Level 2 income 2% of $ 500 by harun', '0.000000000000000000000000000000', '10.000000000000000000000000000000', 7, NULL, '2022-04-10 13:58:38', '2022-04-10 13:58:38', NULL),
(29, 'Level 3 income 1% of $ 500 by harun', '0.000000000000000000000000000000', '5.000000000000000000000000000000', 6, NULL, '2022-04-10 13:58:38', '2022-04-10 13:58:38', NULL),
(30, 'Level 4 income 1% of $ 500 by harun', '0.000000000000000000000000000000', '5.000000000000000000000000000000', 5, NULL, '2022-04-10 13:58:38', '2022-04-10 13:58:38', NULL),
(31, 'Refferral income 8% of $ 1,000 by bis', '0.000000000000000000000000000000', '80.000000000000000000000000000000', 10, NULL, '2022-04-10 14:00:31', '2022-04-10 14:00:31', NULL),
(32, 'Level 1 income 3% of $ 1,000 by bis', '0.000000000000000000000000000000', '30.000000000000000000000000000000', 9, NULL, '2022-04-10 14:00:31', '2022-04-10 14:00:31', NULL),
(33, 'Level 2 income 2% of $ 1,000 by bis', '0.000000000000000000000000000000', '20.000000000000000000000000000000', 8, NULL, '2022-04-10 14:00:31', '2022-04-10 14:00:31', NULL),
(34, 'Level 3 income 1% of $ 1,000 by bis', '0.000000000000000000000000000000', '10.000000000000000000000000000000', 7, NULL, '2022-04-10 14:00:31', '2022-04-10 14:00:31', NULL),
(35, 'Level 4 income 1% of $ 1,000 by bis', '0.000000000000000000000000000000', '10.000000000000000000000000000000', 6, NULL, '2022-04-10 14:00:31', '2022-04-10 14:00:31', NULL),
(36, 'Withdrawal 438.474 USDT', '500.000000000000000000000000000000', '0.000000000000000000000000000000', 3, 1, '2022-04-10 14:14:50', '2022-04-10 14:14:50', NULL),
(37, 'Withdrawal 43.847 USDT', '50.000000000000000000000000000000', '0.000000000000000000000000000000', 9, 2, '2022-04-10 14:33:37', '2022-04-10 14:33:37', NULL),
(38, 'Refferral income 8% of $ 1,000 by Luk', '0.000000000000000000000000000000', '80.000000000000000000000000000000', 3, NULL, '2022-04-10 17:51:57', '2022-04-10 17:51:57', NULL),
(39, 'Level 1 income 3% of $ 1,000 by Luk', '0.000000000000000000000000000000', '30.000000000000000000000000000000', 2, NULL, '2022-04-10 17:51:57', '2022-04-10 17:51:57', NULL);

-- --------------------------------------------------------

--
-- Table structure for table `information`
--

CREATE TABLE `information` (
  `id` bigint(20) NOT NULL,
  `id_user` bigint(20) DEFAULT NULL,
  `title` longtext DEFAULT NULL,
  `content` longtext DEFAULT NULL,
  `created_at` timestamp NULL DEFAULT NULL,
  `updated_at` timestamp NULL DEFAULT NULL
) ENGINE=InnoDB DEFAULT CHARSET=latin1;

-- --------------------------------------------------------

--
-- Table structure for table `jobs`
--

CREATE TABLE `jobs` (
  `id` bigint(20) UNSIGNED NOT NULL,
  `queue` varchar(255) NOT NULL,
  `payload` longtext NOT NULL,
  `attempts` tinyint(3) UNSIGNED NOT NULL,
  `reserved_at` int(10) UNSIGNED DEFAULT NULL,
  `available_at` int(10) UNSIGNED NOT NULL,
  `created_at` int(10) UNSIGNED NOT NULL
) ENGINE=InnoDB DEFAULT CHARSET=latin1;

-- --------------------------------------------------------

--
-- Table structure for table `migrations`
--

CREATE TABLE `migrations` (
  `id` int(10) UNSIGNED NOT NULL,
  `migration` varchar(255) NOT NULL,
  `batch` int(11) NOT NULL
) ENGINE=InnoDB DEFAULT CHARSET=latin1;

--
-- Dumping data for table `migrations`
--

INSERT INTO `migrations` (`id`, `migration`, `batch`) VALUES
(1, '2014_10_12_000000_create_users_table', 1),
(2, '2014_10_12_100000_create_password_resets_table', 1),
(3, '2014_10_12_200000_add_two_factor_columns_to_users_table', 1),
(4, '2019_01_26_221915_create_coinpayment_transactions_table', 1),
(5, '2019_08_19_000000_create_failed_jobs_table', 1),
(6, '2020_11_26_000000_create_spammers_table', 1),
(7, '2020_11_30_030150_create_coinpayment_transaction_items_table', 1),
(8, '2017_09_01_000000_create_authentication_log_table', 2);

-- --------------------------------------------------------

--
-- Table structure for table `passive_income`
--

CREATE TABLE `passive_income` (
  `id` bigint(20) NOT NULL,
  `amount` decimal(40,30) DEFAULT NULL,
  `type` varchar(255) DEFAULT NULL,
  `id_user` bigint(20) NOT NULL,
  `id_withdrawal` bigint(20) DEFAULT NULL,
  `valid_at` timestamp NULL DEFAULT NULL,
  `created_at` timestamp NULL DEFAULT NULL,
  `updated_at` timestamp NULL DEFAULT NULL,
  `deleted_at` timestamp NULL DEFAULT NULL
) ENGINE=InnoDB DEFAULT CHARSET=latin1;

--
-- Dumping data for table `passive_income`
--

INSERT INTO `passive_income` (`id`, `amount`, `type`, `id_user`, `id_withdrawal`, `valid_at`, `created_at`, `updated_at`, `deleted_at`) VALUES
(2, '5000.000000000000000000000000000000', 'contract', 3, NULL, '2022-10-07 13:10:12', '2022-04-10 13:37:12', '2022-04-10 13:37:12', NULL),
(3, '250.000000000000000000000000000000', 'benefit', 3, NULL, '2022-04-25 13:04:12', '2022-04-10 13:37:12', '2022-04-10 13:37:12', NULL),
(4, '250.000000000000000000000000000000', 'benefit', 3, NULL, '2022-05-10 13:05:12', '2022-04-10 13:37:12', '2022-04-10 13:37:12', NULL),
(5, '250.000000000000000000000000000000', 'benefit', 3, NULL, '2022-05-25 13:05:12', '2022-04-10 13:37:12', '2022-04-10 13:37:12', NULL),
(6, '250.000000000000000000000000000000', 'benefit', 3, NULL, '2022-06-09 13:06:12', '2022-04-10 13:37:12', '2022-04-10 13:37:12', NULL),
(7, '250.000000000000000000000000000000', 'benefit', 3, NULL, '2022-06-24 13:06:12', '2022-04-10 13:37:12', '2022-04-10 13:37:12', NULL),
(8, '250.000000000000000000000000000000', 'benefit', 3, NULL, '2022-07-09 13:07:12', '2022-04-10 13:37:12', '2022-04-10 13:37:12', NULL),
(9, '250.000000000000000000000000000000', 'benefit', 3, NULL, '2022-07-24 13:07:12', '2022-04-10 13:37:12', '2022-04-10 13:37:12', NULL),
(10, '250.000000000000000000000000000000', 'benefit', 3, NULL, '2022-08-08 13:08:12', '2022-04-10 13:37:12', '2022-04-10 13:37:12', NULL),
(11, '250.000000000000000000000000000000', 'benefit', 3, NULL, '2022-08-23 13:08:12', '2022-04-10 13:37:12', '2022-04-10 13:37:12', NULL),
(12, '250.000000000000000000000000000000', 'benefit', 3, NULL, '2022-09-07 13:09:12', '2022-04-10 13:37:12', '2022-04-10 13:37:12', NULL),
(13, '250.000000000000000000000000000000', 'benefit', 3, NULL, '2022-09-22 13:09:12', '2022-04-10 13:37:12', '2022-04-10 13:37:12', NULL),
(14, '250.000000000000000000000000000000', 'benefit', 3, NULL, '2022-10-07 13:10:12', '2022-04-10 13:37:12', '2022-04-10 13:37:12', NULL),
(15, '20000.000000000000000000000000000000', 'contract', 4, NULL, '2022-10-07 13:10:20', '2022-04-10 13:42:20', '2022-04-10 13:42:20', NULL),
(16, '1500.000000000000000000000000000000', 'benefit', 4, NULL, '2022-04-25 13:04:20', '2022-04-10 13:42:20', '2022-04-10 13:42:20', NULL),
(17, '1500.000000000000000000000000000000', 'benefit', 4, NULL, '2022-05-10 13:05:20', '2022-04-10 13:42:20', '2022-04-10 13:42:20', NULL),
(18, '1500.000000000000000000000000000000', 'benefit', 4, NULL, '2022-05-25 13:05:20', '2022-04-10 13:42:20', '2022-04-10 13:42:20', NULL),
(19, '1500.000000000000000000000000000000', 'benefit', 4, NULL, '2022-06-09 13:06:20', '2022-04-10 13:42:20', '2022-04-10 13:42:20', NULL),
(20, '1500.000000000000000000000000000000', 'benefit', 4, NULL, '2022-06-24 13:06:20', '2022-04-10 13:42:20', '2022-04-10 13:42:20', NULL),
(21, '1500.000000000000000000000000000000', 'benefit', 4, NULL, '2022-07-09 13:07:20', '2022-04-10 13:42:20', '2022-04-10 13:42:20', NULL),
(22, '1500.000000000000000000000000000000', 'benefit', 4, NULL, '2022-07-24 13:07:20', '2022-04-10 13:42:20', '2022-04-10 13:42:20', NULL),
(23, '1500.000000000000000000000000000000', 'benefit', 4, NULL, '2022-08-08 13:08:20', '2022-04-10 13:42:20', '2022-04-10 13:42:20', NULL),
(24, '1500.000000000000000000000000000000', 'benefit', 4, NULL, '2022-08-23 13:08:20', '2022-04-10 13:42:20', '2022-04-10 13:42:20', NULL),
(25, '1500.000000000000000000000000000000', 'benefit', 4, NULL, '2022-09-07 13:09:20', '2022-04-10 13:42:20', '2022-04-10 13:42:20', NULL),
(26, '1500.000000000000000000000000000000', 'benefit', 4, NULL, '2022-09-22 13:09:20', '2022-04-10 13:42:20', '2022-04-10 13:42:20', NULL),
(27, '1500.000000000000000000000000000000', 'benefit', 4, NULL, '2022-10-07 13:10:20', '2022-04-10 13:42:20', '2022-04-10 13:42:20', NULL),
(28, '30000.000000000000000000000000000000', 'contract', 5, NULL, '2022-10-07 13:10:08', '2022-04-10 13:46:08', '2022-04-10 13:46:08', NULL),
(29, '2250.000000000000000000000000000000', 'benefit', 5, NULL, '2022-04-25 13:04:08', '2022-04-10 13:46:08', '2022-04-10 13:46:08', NULL),
(30, '2250.000000000000000000000000000000', 'benefit', 5, NULL, '2022-05-10 13:05:08', '2022-04-10 13:46:08', '2022-04-10 13:46:08', NULL),
(31, '2250.000000000000000000000000000000', 'benefit', 5, NULL, '2022-05-25 13:05:08', '2022-04-10 13:46:08', '2022-04-10 13:46:08', NULL),
(32, '2250.000000000000000000000000000000', 'benefit', 5, NULL, '2022-06-09 13:06:08', '2022-04-10 13:46:08', '2022-04-10 13:46:08', NULL),
(33, '2250.000000000000000000000000000000', 'benefit', 5, NULL, '2022-06-24 13:06:08', '2022-04-10 13:46:08', '2022-04-10 13:46:08', NULL),
(34, '2250.000000000000000000000000000000', 'benefit', 5, NULL, '2022-07-09 13:07:08', '2022-04-10 13:46:08', '2022-04-10 13:46:08', NULL),
(35, '2250.000000000000000000000000000000', 'benefit', 5, NULL, '2022-07-24 13:07:08', '2022-04-10 13:46:08', '2022-04-10 13:46:08', NULL),
(36, '2250.000000000000000000000000000000', 'benefit', 5, NULL, '2022-08-08 13:08:08', '2022-04-10 13:46:08', '2022-04-10 13:46:08', NULL),
(37, '2250.000000000000000000000000000000', 'benefit', 5, NULL, '2022-08-23 13:08:08', '2022-04-10 13:46:08', '2022-04-10 13:46:08', NULL),
(38, '2250.000000000000000000000000000000', 'benefit', 5, NULL, '2022-09-07 13:09:08', '2022-04-10 13:46:08', '2022-04-10 13:46:08', NULL),
(39, '2250.000000000000000000000000000000', 'benefit', 5, NULL, '2022-09-22 13:09:08', '2022-04-10 13:46:08', '2022-04-10 13:46:08', NULL),
(40, '2250.000000000000000000000000000000', 'benefit', 5, NULL, '2022-10-07 13:10:08', '2022-04-10 13:46:08', '2022-04-10 13:46:08', NULL),
(41, '25000.000000000000000000000000000000', 'contract', 6, NULL, '2022-10-07 13:10:56', '2022-04-10 13:50:56', '2022-04-10 13:50:56', NULL),
(42, '1875.000000000000000000000000000000', 'benefit', 6, NULL, '2022-04-25 13:04:56', '2022-04-10 13:50:56', '2022-04-10 13:50:56', NULL),
(43, '1875.000000000000000000000000000000', 'benefit', 6, NULL, '2022-05-10 13:05:56', '2022-04-10 13:50:56', '2022-04-10 13:50:56', NULL),
(44, '1875.000000000000000000000000000000', 'benefit', 6, NULL, '2022-05-25 13:05:56', '2022-04-10 13:50:56', '2022-04-10 13:50:56', NULL),
(45, '1875.000000000000000000000000000000', 'benefit', 6, NULL, '2022-06-09 13:06:56', '2022-04-10 13:50:56', '2022-04-10 13:50:56', NULL),
(46, '1875.000000000000000000000000000000', 'benefit', 6, NULL, '2022-06-24 13:06:56', '2022-04-10 13:50:56', '2022-04-10 13:50:56', NULL),
(47, '1875.000000000000000000000000000000', 'benefit', 6, NULL, '2022-07-09 13:07:56', '2022-04-10 13:50:56', '2022-04-10 13:50:56', NULL),
(48, '1875.000000000000000000000000000000', 'benefit', 6, NULL, '2022-07-24 13:07:56', '2022-04-10 13:50:56', '2022-04-10 13:50:56', NULL),
(49, '1875.000000000000000000000000000000', 'benefit', 6, NULL, '2022-08-08 13:08:56', '2022-04-10 13:50:56', '2022-04-10 13:50:56', NULL),
(50, '1875.000000000000000000000000000000', 'benefit', 6, NULL, '2022-08-23 13:08:56', '2022-04-10 13:50:56', '2022-04-10 13:50:56', NULL),
(51, '1875.000000000000000000000000000000', 'benefit', 6, NULL, '2022-09-07 13:09:56', '2022-04-10 13:50:56', '2022-04-10 13:50:56', NULL),
(52, '1875.000000000000000000000000000000', 'benefit', 6, NULL, '2022-09-22 13:09:56', '2022-04-10 13:50:56', '2022-04-10 13:50:56', NULL),
(53, '1875.000000000000000000000000000000', 'benefit', 6, NULL, '2022-10-07 13:10:56', '2022-04-10 13:50:56', '2022-04-10 13:50:56', NULL),
(54, '15000.000000000000000000000000000000', 'contract', 7, NULL, '2022-10-07 13:10:59', '2022-04-10 13:52:59', '2022-04-10 13:52:59', NULL),
(55, '1125.000000000000000000000000000000', 'benefit', 7, NULL, '2022-04-25 13:04:59', '2022-04-10 13:52:59', '2022-04-10 13:52:59', NULL),
(56, '1125.000000000000000000000000000000', 'benefit', 7, NULL, '2022-05-10 13:05:59', '2022-04-10 13:52:59', '2022-04-10 13:52:59', NULL),
(57, '1125.000000000000000000000000000000', 'benefit', 7, NULL, '2022-05-25 13:05:59', '2022-04-10 13:52:59', '2022-04-10 13:52:59', NULL),
(58, '1125.000000000000000000000000000000', 'benefit', 7, NULL, '2022-06-09 13:06:59', '2022-04-10 13:52:59', '2022-04-10 13:52:59', NULL),
(59, '1125.000000000000000000000000000000', 'benefit', 7, NULL, '2022-06-24 13:06:59', '2022-04-10 13:52:59', '2022-04-10 13:52:59', NULL),
(60, '1125.000000000000000000000000000000', 'benefit', 7, NULL, '2022-07-09 13:07:59', '2022-04-10 13:52:59', '2022-04-10 13:52:59', NULL),
(61, '1125.000000000000000000000000000000', 'benefit', 7, NULL, '2022-07-24 13:07:59', '2022-04-10 13:52:59', '2022-04-10 13:52:59', NULL),
(62, '1125.000000000000000000000000000000', 'benefit', 7, NULL, '2022-08-08 13:08:59', '2022-04-10 13:52:59', '2022-04-10 13:52:59', NULL),
(63, '1125.000000000000000000000000000000', 'benefit', 7, NULL, '2022-08-23 13:08:59', '2022-04-10 13:52:59', '2022-04-10 13:52:59', NULL),
(64, '1125.000000000000000000000000000000', 'benefit', 7, NULL, '2022-09-07 13:09:59', '2022-04-10 13:52:59', '2022-04-10 13:52:59', NULL),
(65, '1125.000000000000000000000000000000', 'benefit', 7, NULL, '2022-09-22 13:09:59', '2022-04-10 13:52:59', '2022-04-10 13:52:59', NULL),
(66, '1125.000000000000000000000000000000', 'benefit', 7, NULL, '2022-10-07 13:10:59', '2022-04-10 13:52:59', '2022-04-10 13:52:59', NULL),
(67, '30000.000000000000000000000000000000', 'contract', 8, NULL, '2022-10-07 13:10:01', '2022-04-10 13:55:01', '2022-04-10 13:55:01', NULL),
(68, '2250.000000000000000000000000000000', 'benefit', 8, NULL, '2022-04-25 13:04:01', '2022-04-10 13:55:01', '2022-04-10 13:55:01', NULL),
(69, '2250.000000000000000000000000000000', 'benefit', 8, NULL, '2022-05-10 13:05:01', '2022-04-10 13:55:01', '2022-04-10 13:55:01', NULL),
(70, '2250.000000000000000000000000000000', 'benefit', 8, NULL, '2022-05-25 13:05:01', '2022-04-10 13:55:01', '2022-04-10 13:55:01', NULL),
(71, '2250.000000000000000000000000000000', 'benefit', 8, NULL, '2022-06-09 13:06:01', '2022-04-10 13:55:01', '2022-04-10 13:55:01', NULL),
(72, '2250.000000000000000000000000000000', 'benefit', 8, NULL, '2022-06-24 13:06:01', '2022-04-10 13:55:01', '2022-04-10 13:55:01', NULL),
(73, '2250.000000000000000000000000000000', 'benefit', 8, NULL, '2022-07-09 13:07:01', '2022-04-10 13:55:01', '2022-04-10 13:55:01', NULL),
(74, '2250.000000000000000000000000000000', 'benefit', 8, NULL, '2022-07-24 13:07:01', '2022-04-10 13:55:01', '2022-04-10 13:55:01', NULL),
(75, '2250.000000000000000000000000000000', 'benefit', 8, NULL, '2022-08-08 13:08:01', '2022-04-10 13:55:01', '2022-04-10 13:55:01', NULL),
(76, '2250.000000000000000000000000000000', 'benefit', 8, NULL, '2022-08-23 13:08:01', '2022-04-10 13:55:01', '2022-04-10 13:55:01', NULL),
(77, '2250.000000000000000000000000000000', 'benefit', 8, NULL, '2022-09-07 13:09:01', '2022-04-10 13:55:01', '2022-04-10 13:55:01', NULL),
(78, '2250.000000000000000000000000000000', 'benefit', 8, NULL, '2022-09-22 13:09:01', '2022-04-10 13:55:01', '2022-04-10 13:55:01', NULL),
(79, '2250.000000000000000000000000000000', 'benefit', 8, NULL, '2022-10-07 13:10:01', '2022-04-10 13:55:01', '2022-04-10 13:55:01', NULL),
(80, '100.000000000000000000000000000000', 'contract', 9, NULL, '2022-10-07 13:10:11', '2022-04-10 13:57:11', '2022-04-10 13:57:11', NULL),
(81, '5.000000000000000000000000000000', 'benefit', 9, NULL, '2022-04-25 13:04:11', '2022-04-10 13:57:11', '2022-04-10 13:57:11', NULL),
(82, '5.000000000000000000000000000000', 'benefit', 9, NULL, '2022-05-10 13:05:11', '2022-04-10 13:57:11', '2022-04-10 13:57:11', NULL),
(83, '5.000000000000000000000000000000', 'benefit', 9, NULL, '2022-05-25 13:05:11', '2022-04-10 13:57:11', '2022-04-10 13:57:11', NULL),
(84, '5.000000000000000000000000000000', 'benefit', 9, NULL, '2022-06-09 13:06:11', '2022-04-10 13:57:11', '2022-04-10 13:57:11', NULL),
(85, '5.000000000000000000000000000000', 'benefit', 9, NULL, '2022-06-24 13:06:11', '2022-04-10 13:57:11', '2022-04-10 13:57:11', NULL),
(86, '5.000000000000000000000000000000', 'benefit', 9, NULL, '2022-07-09 13:07:11', '2022-04-10 13:57:11', '2022-04-10 13:57:11', NULL),
(87, '5.000000000000000000000000000000', 'benefit', 9, NULL, '2022-07-24 13:07:11', '2022-04-10 13:57:11', '2022-04-10 13:57:11', NULL),
(88, '5.000000000000000000000000000000', 'benefit', 9, NULL, '2022-08-08 13:08:11', '2022-04-10 13:57:11', '2022-04-10 13:57:11', NULL),
(89, '5.000000000000000000000000000000', 'benefit', 9, NULL, '2022-08-23 13:08:11', '2022-04-10 13:57:11', '2022-04-10 13:57:11', NULL),
(90, '5.000000000000000000000000000000', 'benefit', 9, NULL, '2022-09-07 13:09:11', '2022-04-10 13:57:11', '2022-04-10 13:57:11', NULL),
(91, '5.000000000000000000000000000000', 'benefit', 9, NULL, '2022-09-22 13:09:11', '2022-04-10 13:57:11', '2022-04-10 13:57:11', NULL),
(92, '5.000000000000000000000000000000', 'benefit', 9, NULL, '2022-10-07 13:10:11', '2022-04-10 13:57:11', '2022-04-10 13:57:11', NULL),
(93, '500.000000000000000000000000000000', 'contract', 10, NULL, '2022-10-07 13:10:38', '2022-04-10 13:58:38', '2022-04-10 13:58:38', NULL),
(94, '25.000000000000000000000000000000', 'benefit', 10, NULL, '2022-04-25 13:04:38', '2022-04-10 13:58:38', '2022-04-10 13:58:38', NULL),
(95, '25.000000000000000000000000000000', 'benefit', 10, NULL, '2022-05-10 13:05:38', '2022-04-10 13:58:38', '2022-04-10 13:58:38', NULL),
(96, '25.000000000000000000000000000000', 'benefit', 10, NULL, '2022-05-25 13:05:38', '2022-04-10 13:58:38', '2022-04-10 13:58:38', NULL),
(97, '25.000000000000000000000000000000', 'benefit', 10, NULL, '2022-06-09 13:06:38', '2022-04-10 13:58:38', '2022-04-10 13:58:38', NULL),
(98, '25.000000000000000000000000000000', 'benefit', 10, NULL, '2022-06-24 13:06:38', '2022-04-10 13:58:38', '2022-04-10 13:58:38', NULL),
(99, '25.000000000000000000000000000000', 'benefit', 10, NULL, '2022-07-09 13:07:38', '2022-04-10 13:58:38', '2022-04-10 13:58:38', NULL),
(100, '25.000000000000000000000000000000', 'benefit', 10, NULL, '2022-07-24 13:07:38', '2022-04-10 13:58:38', '2022-04-10 13:58:38', NULL),
(101, '25.000000000000000000000000000000', 'benefit', 10, NULL, '2022-08-08 13:08:38', '2022-04-10 13:58:38', '2022-04-10 13:58:38', NULL),
(102, '25.000000000000000000000000000000', 'benefit', 10, NULL, '2022-08-23 13:08:38', '2022-04-10 13:58:38', '2022-04-10 13:58:38', NULL),
(103, '25.000000000000000000000000000000', 'benefit', 10, NULL, '2022-09-07 13:09:38', '2022-04-10 13:58:38', '2022-04-10 13:58:38', NULL),
(104, '25.000000000000000000000000000000', 'benefit', 10, NULL, '2022-09-22 13:09:38', '2022-04-10 13:58:38', '2022-04-10 13:58:38', NULL),
(105, '25.000000000000000000000000000000', 'benefit', 10, NULL, '2022-10-07 13:10:38', '2022-04-10 13:58:38', '2022-04-10 13:58:38', NULL),
(106, '1000.000000000000000000000000000000', 'contract', 11, NULL, '2022-10-07 14:10:31', '2022-04-10 14:00:31', '2022-04-10 14:00:31', NULL),
(107, '50.000000000000000000000000000000', 'benefit', 11, NULL, '2022-04-25 14:04:31', '2022-04-10 14:00:31', '2022-04-10 14:00:31', NULL),
(108, '50.000000000000000000000000000000', 'benefit', 11, NULL, '2022-05-10 14:05:31', '2022-04-10 14:00:31', '2022-04-10 14:00:31', NULL),
(109, '50.000000000000000000000000000000', 'benefit', 11, NULL, '2022-05-25 14:05:31', '2022-04-10 14:00:31', '2022-04-10 14:00:31', NULL),
(110, '50.000000000000000000000000000000', 'benefit', 11, NULL, '2022-06-09 14:06:31', '2022-04-10 14:00:31', '2022-04-10 14:00:31', NULL),
(111, '50.000000000000000000000000000000', 'benefit', 11, NULL, '2022-06-24 14:06:31', '2022-04-10 14:00:31', '2022-04-10 14:00:31', NULL),
(112, '50.000000000000000000000000000000', 'benefit', 11, NULL, '2022-07-09 14:07:31', '2022-04-10 14:00:31', '2022-04-10 14:00:31', NULL),
(113, '50.000000000000000000000000000000', 'benefit', 11, NULL, '2022-07-24 14:07:31', '2022-04-10 14:00:31', '2022-04-10 14:00:31', NULL),
(114, '50.000000000000000000000000000000', 'benefit', 11, NULL, '2022-08-08 14:08:31', '2022-04-10 14:00:31', '2022-04-10 14:00:31', NULL),
(115, '50.000000000000000000000000000000', 'benefit', 11, NULL, '2022-08-23 14:08:31', '2022-04-10 14:00:31', '2022-04-10 14:00:31', NULL),
(116, '50.000000000000000000000000000000', 'benefit', 11, NULL, '2022-09-07 14:09:31', '2022-04-10 14:00:31', '2022-04-10 14:00:31', NULL),
(117, '50.000000000000000000000000000000', 'benefit', 11, NULL, '2022-09-22 14:09:31', '2022-04-10 14:00:31', '2022-04-10 14:00:31', NULL),
(118, '50.000000000000000000000000000000', 'benefit', 11, NULL, '2022-10-07 14:10:31', '2022-04-10 14:00:31', '2022-04-10 14:00:31', NULL),
(119, '1000.000000000000000000000000000000', 'contract', 12, NULL, '2022-10-07 17:10:57', '2022-04-10 17:51:57', '2022-04-10 17:51:57', NULL),
(120, '50.000000000000000000000000000000', 'benefit', 12, NULL, '2022-04-25 17:04:57', '2022-04-10 17:51:57', '2022-04-10 17:51:57', NULL),
(121, '50.000000000000000000000000000000', 'benefit', 12, NULL, '2022-05-10 17:05:57', '2022-04-10 17:51:57', '2022-04-10 17:51:57', NULL),
(122, '50.000000000000000000000000000000', 'benefit', 12, NULL, '2022-05-25 17:05:57', '2022-04-10 17:51:57', '2022-04-10 17:51:57', NULL),
(123, '50.000000000000000000000000000000', 'benefit', 12, NULL, '2022-06-09 17:06:57', '2022-04-10 17:51:57', '2022-04-10 17:51:57', NULL),
(124, '50.000000000000000000000000000000', 'benefit', 12, NULL, '2022-06-24 17:06:57', '2022-04-10 17:51:57', '2022-04-10 17:51:57', NULL),
(125, '50.000000000000000000000000000000', 'benefit', 12, NULL, '2022-07-09 17:07:57', '2022-04-10 17:51:57', '2022-04-10 17:51:57', NULL),
(126, '50.000000000000000000000000000000', 'benefit', 12, NULL, '2022-07-24 17:07:57', '2022-04-10 17:51:57', '2022-04-10 17:51:57', NULL),
(127, '50.000000000000000000000000000000', 'benefit', 12, NULL, '2022-08-08 17:08:57', '2022-04-10 17:51:57', '2022-04-10 17:51:57', NULL),
(128, '50.000000000000000000000000000000', 'benefit', 12, NULL, '2022-08-23 17:08:57', '2022-04-10 17:51:57', '2022-04-10 17:51:57', NULL),
(129, '50.000000000000000000000000000000', 'benefit', 12, NULL, '2022-09-07 17:09:57', '2022-04-10 17:51:57', '2022-04-10 17:51:57', NULL),
(130, '50.000000000000000000000000000000', 'benefit', 12, NULL, '2022-09-22 17:09:57', '2022-04-10 17:51:57', '2022-04-10 17:51:57', NULL),
(131, '50.000000000000000000000000000000', 'benefit', 12, NULL, '2022-10-07 17:10:57', '2022-04-10 17:51:57', '2022-04-10 17:51:57', NULL);

-- --------------------------------------------------------

--
-- Table structure for table `password_resets`
--

CREATE TABLE `password_resets` (
  `email` varchar(255) NOT NULL,
  `token` varchar(255) NOT NULL,
  `created_at` timestamp NULL DEFAULT NULL
) ENGINE=InnoDB DEFAULT CHARSET=latin1;

-- --------------------------------------------------------

--
-- Table structure for table `recovery`
--

CREATE TABLE `recovery` (
  `id` bigint(20) NOT NULL,
  `token` text DEFAULT NULL,
  `email` varchar(255) DEFAULT NULL,
  `created_at` timestamp NULL DEFAULT NULL,
  `updated_at` timestamp NULL DEFAULT NULL,
  `deleted_at` timestamp NULL DEFAULT NULL
) ENGINE=InnoDB DEFAULT CHARSET=latin1;

-- --------------------------------------------------------

--
-- Table structure for table `spammers`
--

CREATE TABLE `spammers` (
  `id` bigint(20) UNSIGNED NOT NULL,
  `ip_address` varchar(255) NOT NULL,
  `attempts` int(11) NOT NULL,
  `blocked_at` datetime DEFAULT NULL,
  `created_at` timestamp NULL DEFAULT NULL,
  `updated_at` timestamp NULL DEFAULT NULL
) ENGINE=InnoDB DEFAULT CHARSET=latin1;

-- --------------------------------------------------------

--
-- Table structure for table `ticket`
--

CREATE TABLE `ticket` (
  `id` bigint(20) NOT NULL,
  `id_contract` bigint(20) DEFAULT NULL,
  `kode` int(11) DEFAULT NULL,
  `date` date DEFAULT NULL,
  `created_at` timestamp NULL DEFAULT NULL,
  `updated_at` timestamp NULL DEFAULT NULL
) ENGINE=InnoDB DEFAULT CHARSET=latin1;

--
-- Dumping data for table `ticket`
--

INSERT INTO `ticket` (`id`, `id_contract`, `kode`, `date`, `created_at`, `updated_at`) VALUES
(1, 5, 1, '2022-04-10', '2022-04-10 13:32:25', '2022-04-10 13:32:25'),
(2, 8, 1, '2022-04-10', '2022-04-10 13:41:12', '2022-04-10 13:41:12'),
(3, 10, 1, '2022-04-10', '2022-04-10 13:45:41', '2022-04-10 13:45:41'),
(4, 9, 1, '2022-04-10', '2022-04-10 13:49:35', '2022-04-10 13:49:35'),
(5, 7, 1, '2022-04-10', '2022-04-10 13:52:27', '2022-04-10 13:52:27'),
(6, 10, 1, '2022-04-10', '2022-04-10 13:54:33', '2022-04-10 13:54:33'),
(7, 1, 1, '2022-04-10', '2022-04-10 13:56:42', '2022-04-10 13:56:42'),
(8, 2, 1, '2022-04-10', '2022-04-10 13:58:02', '2022-04-10 13:58:02'),
(9, 3, 1, '2022-04-10', '2022-04-10 13:59:38', '2022-04-10 13:59:38'),
(10, 3, 1, '2022-04-11', '2022-04-10 17:47:30', '2022-04-10 17:47:30');

-- --------------------------------------------------------

--
-- Table structure for table `user`
--

CREATE TABLE `user` (
  `id` bigint(20) NOT NULL,
  `username` varchar(255) NOT NULL,
  `password` varchar(255) NOT NULL,
  `name` varchar(255) NOT NULL,
  `email` varchar(255) NOT NULL,
  `referral` varchar(255) DEFAULT NULL,
  `wallet` varchar(255) DEFAULT NULL,
  `network` longtext DEFAULT NULL,
  `remember_token` text DEFAULT NULL,
  `google2fa_secret` text DEFAULT NULL,
  `role` tinyint(1) DEFAULT 1,
  `id_upline` bigint(20) DEFAULT NULL,
  `id_contract` bigint(20) DEFAULT NULL,
  `activated_at` timestamp NULL DEFAULT NULL,
  `invalid_at` timestamp NULL DEFAULT NULL,
  `created_at` timestamp NOT NULL DEFAULT '0000-00-00 00:00:00',
  `updated_at` timestamp NOT NULL DEFAULT '0000-00-00 00:00:00',
  `deleted_at` timestamp NULL DEFAULT NULL
) ENGINE=InnoDB DEFAULT CHARSET=latin1;

--
-- Dumping data for table `user`
--

INSERT INTO `user` (`id`, `username`, `password`, `name`, `email`, `referral`, `wallet`, `network`, `remember_token`, `google2fa_secret`, `role`, `id_upline`, `id_contract`, `activated_at`, `invalid_at`, `created_at`, `updated_at`, `deleted_at`) VALUES
(1, 'admin', '$2y$10$x/WuQ7M8OfcWONRhvwb/WOD6urZWdt5n8NYE9F5SaX16sD2DhrF8S', 'BTT Gift', 'admin@bttgift.com', NULL, NULL, NULL, NULL, 'XRRRPKm2DKjjnKWuhOhWgAjdO765CiRz907eXOfhTtCJDBLDRPNwWB44T5vr', 0, NULL, NULL, NULL, NULL, '2021-05-04 17:00:00', '2022-04-10 17:51:40', NULL),
(2, 'james', '$2y$10$eIT0Ll/5w3YjDW4rM9nlKOyRET.IhSUITnwKfJWwy3W7t7BjG48Ay', 'James Blund', 'pastikaya65@gmail.com', '214bc50d85ad8fa9cda686145cf1f8aca0', 'TDsk4h4nomdqqEXShRpWyUXXrANESRhVgT', NULL, '0smUL5GH3cxKqrerwRtDqyyo5B2NGVdoBA7yn4UyYIwa2VmLbrMWq6oTS9r1', NULL, 1, NULL, 10, '2022-04-10 02:09:31', '2022-10-07 02:10:31', '2021-06-08 21:30:35', '2022-04-10 18:24:15', NULL),
(3, 'ani', '$2y$10$7cA4Vd8MGTzy4Vw9G0jtyenbGSBqK2DDeqDy3Y8Kp/ho9PfomaGXi', 'ani', 'ani@gmail.com', '29d1e2357d7c14db51e885053a58ec67', '12345y', '2.', NULL, NULL, 1, 2, 5, '2022-04-10 13:37:12', '2022-10-07 13:10:12', '2022-04-10 13:32:25', '2022-04-11 11:57:53', NULL),
(4, 'erul', '$2y$10$lnA2kDl8Nfe1s7cgTmBFoO2XKQymvPxMxLDdTlHCgO25DHmRSHyhW', 'erul', 'erul@gmail.com', 'd1d1b8f0a0bef792d2f7737c897067bc', 'Qwert', '2.3.', NULL, NULL, 1, 3, 8, '2022-04-10 13:42:20', '2022-10-07 13:10:20', '2022-04-10 13:41:12', '2022-04-10 18:23:49', NULL),
(5, 'satria', '$2y$10$YM0kx10FQ7ax7H57EEFW9O/PyNVUfBpsXWcBu2mI1Q1xcCU.ldI.a', 'satria', 'satria@gmail.com', '477054c78baea7a1242f79d898a2ca46', NULL, '2.3.4.', NULL, NULL, 1, 4, 10, '2022-04-10 13:46:08', '2022-10-07 13:10:08', '2022-04-10 13:45:41', '2022-04-10 21:46:37', NULL),
(6, 'ari', '$2y$10$kfUU7d3a5pV9HRUdoQX4zerDisa4S60iEOgQCvV4nUkjuFHrb9YPy', 'ari', 'ari@gmail.com', 'fc292bd7df071858c2d0f955545673c1', '1212121', '2.3.4.5.', NULL, NULL, 1, 5, 9, '2022-04-10 13:50:56', '2022-10-07 13:10:56', '2022-04-10 13:49:35', '2022-04-10 14:25:24', NULL),
(7, 'oyi', '$2y$10$kLh0xrHdr6e9OZI1/atB1ewa7JnCNBI0benIADS6ZL7PtwY8JftJO', 'oyi', 'oyi@gmail.com', 'c4f854e49442a58d94dff94bfb765c58', NULL, '2.3.4.5.6.', NULL, NULL, 1, 6, 7, '2022-04-10 13:52:59', '2022-10-07 13:10:59', '2022-04-10 13:52:27', '2022-04-10 13:52:59', NULL),
(8, 'sur', '$2y$10$0vIdmEIvK8FJDZGH.a69QOKqzSGF7Htr.8pT0Hk7dUwsQizjGNsg2', 'sur', 'sur@gmail.com', 'a587b16e0a2c4a9c61feee6486c3a6c5', NULL, '2.3.4.5.6.7.', NULL, NULL, 1, 7, 10, '2022-04-10 13:55:01', '2022-10-07 13:10:01', '2022-04-10 13:54:33', '2022-04-10 13:55:01', NULL),
(9, 'fajar', '$2y$10$b4fs6bEtjKXjl7/HfktfIuoT1EMgTqDumvHcI6xnIyxWFI6iNeRHq', 'fajar', 'fajar@gmail.com', '24bc50d85ad8fa9cda686145cf1f8aca', '4654654', '2.3.4.5.6.7.8.', NULL, NULL, 1, 8, 1, '2022-04-10 13:57:11', '2022-10-07 13:10:11', '2022-04-10 13:56:42', '2022-04-11 08:29:51', NULL),
(10, 'harun', '$2y$10$cOJ9llpo9wwB83yFGVqlcOTjtCw4prL4MhI.nS.QLmk/aNegwrGZC', 'harun', 'harun@gmail.com', '6a144723835bf8d2ca3241a6535d3cff', NULL, '2.3.4.5.6.7.8.9.', NULL, NULL, 1, 9, 2, '2022-04-10 13:58:38', '2022-10-07 13:10:38', '2022-04-10 13:58:02', '2022-04-10 13:58:38', NULL),
(11, 'bis', '$2y$10$kCXlGkkorv7KZ4upUdtThurHyeAq3qjhHoKbDMV1YgbZzsHEsY3Iq', 'bis', 'bis@gmail.com', '227cee183f9b009e2f81f2f8339e281b', NULL, '2.3.4.5.6.7.8.9.10.', NULL, NULL, 1, 10, 3, '2022-04-10 14:00:31', '2022-10-07 14:10:31', '2022-04-10 13:59:38', '2022-04-10 14:00:46', NULL),
(12, 'Luk', '$2y$10$i7WHk7H/aiyQ1HRbjG8L7ezfSs.C8nPCkIoq0d6IE1D8D8TSdhmcq', 'Luk', 'luk@gmail.com', 'fcadab5fc56cf1918fd972762aed0b48', '123456', '2.3.', NULL, NULL, 1, 3, 3, '2022-04-10 17:51:57', '2022-10-07 17:10:57', '2022-04-10 17:47:30', '2022-04-10 18:06:44', NULL);

-- --------------------------------------------------------

--
-- Table structure for table `withdrawal`
--

CREATE TABLE `withdrawal` (
  `id` bigint(20) NOT NULL,
  `wallet` varchar(255) NOT NULL,
  `amount` decimal(15,2) NOT NULL,
  `fee` decimal(15,2) NOT NULL,
  `usdt_price` decimal(15,10) DEFAULT NULL,
  `usdt_amount` decimal(15,2) DEFAULT NULL,
  `txid` text DEFAULT NULL,
  `id_operator` bigint(20) DEFAULT NULL,
  `id_user` bigint(20) NOT NULL,
  `processed_at` timestamp NULL DEFAULT NULL,
  `created_at` timestamp NULL DEFAULT NULL,
  `updated_at` timestamp NULL DEFAULT NULL,
  `deleted_at` timestamp NULL DEFAULT NULL
) ENGINE=InnoDB DEFAULT CHARSET=latin1;

--
-- Dumping data for table `withdrawal`
--

INSERT INTO `withdrawal` (`id`, `wallet`, `amount`, `fee`, `usdt_price`, `usdt_amount`, `txid`, `id_operator`, `id_user`, `processed_at`, `created_at`, `updated_at`, `deleted_at`) VALUES
(1, '12345y', '500.00', '50.00', '14368.0000000000', '438.47', 'Rttyh', 1, 3, '2022-04-10 14:22:11', '2022-04-10 14:14:50', '2022-04-10 14:22:11', NULL),
(2, '4654654', '50.00', '5.00', '14368.0000000000', '43.85', 'Errt', 1, 9, '2022-04-10 14:34:45', '2022-04-10 14:33:37', '2022-04-10 14:34:45', NULL);

--
-- Indexes for dumped tables
--

--
-- Indexes for table `authentication_log`
--
ALTER TABLE `authentication_log`
  ADD PRIMARY KEY (`id`),
  ADD KEY `authentication_log_authenticatable_type_authenticatable_id_index` (`authenticatable_type`,`authenticatable_id`),
  ADD KEY `authenticatable_id` (`authenticatable_id`);

--
-- Indexes for table `contract`
--
ALTER TABLE `contract`
  ADD PRIMARY KEY (`id`);

--
-- Indexes for table `deposit`
--
ALTER TABLE `deposit`
  ADD PRIMARY KEY (`id`),
  ADD KEY `deposit_ibfk_1` (`id_user`),
  ADD KEY `deposit_ibfk_2` (`id_owner`);

--
-- Indexes for table `failed_jobs`
--
ALTER TABLE `failed_jobs`
  ADD PRIMARY KEY (`id`),
  ADD UNIQUE KEY `failed_jobs_uuid_unique` (`uuid`);

--
-- Indexes for table `income`
--
ALTER TABLE `income`
  ADD PRIMARY KEY (`id`),
  ADD KEY `id_withdrawal` (`id_withdrawal`),
  ADD KEY `bonus_ibfk_2` (`id_user`);

--
-- Indexes for table `information`
--
ALTER TABLE `information`
  ADD PRIMARY KEY (`id`),
  ADD KEY `information_ibfk_1` (`id_user`);

--
-- Indexes for table `jobs`
--
ALTER TABLE `jobs`
  ADD PRIMARY KEY (`id`),
  ADD KEY `jobs_queue_index` (`queue`);

--
-- Indexes for table `migrations`
--
ALTER TABLE `migrations`
  ADD PRIMARY KEY (`id`);

--
-- Indexes for table `passive_income`
--
ALTER TABLE `passive_income`
  ADD PRIMARY KEY (`id`);

--
-- Indexes for table `password_resets`
--
ALTER TABLE `password_resets`
  ADD KEY `password_resets_email_index` (`email`);

--
-- Indexes for table `recovery`
--
ALTER TABLE `recovery`
  ADD PRIMARY KEY (`id`) USING BTREE,
  ADD KEY `recovery_ibfk_1` (`email`);

--
-- Indexes for table `spammers`
--
ALTER TABLE `spammers`
  ADD PRIMARY KEY (`id`);

--
-- Indexes for table `ticket`
--
ALTER TABLE `ticket`
  ADD PRIMARY KEY (`id`) USING BTREE,
  ADD KEY `id_contract` (`id_contract`);

--
-- Indexes for table `user`
--
ALTER TABLE `user`
  ADD PRIMARY KEY (`id`) USING BTREE,
  ADD UNIQUE KEY `member_user` (`username`),
  ADD KEY `anggota_paket_id_fkey` (`id_contract`),
  ADD KEY `user_ibfk_3` (`id_upline`),
  ADD KEY `email` (`email`);

--
-- Indexes for table `withdrawal`
--
ALTER TABLE `withdrawal`
  ADD PRIMARY KEY (`id`),
  ADD KEY `withdrawal_ibfk_1` (`id_user`),
  ADD KEY `id_operator` (`id_operator`);

--
-- AUTO_INCREMENT for dumped tables
--

--
-- AUTO_INCREMENT for table `authentication_log`
--
ALTER TABLE `authentication_log`
  MODIFY `id` bigint(20) UNSIGNED NOT NULL AUTO_INCREMENT, AUTO_INCREMENT=70;

--
-- AUTO_INCREMENT for table `contract`
--
ALTER TABLE `contract`
  MODIFY `id` bigint(20) NOT NULL AUTO_INCREMENT, AUTO_INCREMENT=11;

--
-- AUTO_INCREMENT for table `deposit`
--
ALTER TABLE `deposit`
  MODIFY `id` bigint(20) NOT NULL AUTO_INCREMENT, AUTO_INCREMENT=11;

--
-- AUTO_INCREMENT for table `failed_jobs`
--
ALTER TABLE `failed_jobs`
  MODIFY `id` bigint(20) UNSIGNED NOT NULL AUTO_INCREMENT;

--
-- AUTO_INCREMENT for table `income`
--
ALTER TABLE `income`
  MODIFY `id` bigint(20) NOT NULL AUTO_INCREMENT, AUTO_INCREMENT=40;

--
-- AUTO_INCREMENT for table `information`
--
ALTER TABLE `information`
  MODIFY `id` bigint(20) NOT NULL AUTO_INCREMENT, AUTO_INCREMENT=3;

--
-- AUTO_INCREMENT for table `jobs`
--
ALTER TABLE `jobs`
  MODIFY `id` bigint(20) UNSIGNED NOT NULL AUTO_INCREMENT, AUTO_INCREMENT=44;

--
-- AUTO_INCREMENT for table `migrations`
--
ALTER TABLE `migrations`
  MODIFY `id` int(10) UNSIGNED NOT NULL AUTO_INCREMENT, AUTO_INCREMENT=9;

--
-- AUTO_INCREMENT for table `passive_income`
--
ALTER TABLE `passive_income`
  MODIFY `id` bigint(20) NOT NULL AUTO_INCREMENT, AUTO_INCREMENT=132;

--
-- AUTO_INCREMENT for table `recovery`
--
ALTER TABLE `recovery`
  MODIFY `id` bigint(20) NOT NULL AUTO_INCREMENT, AUTO_INCREMENT=4;

--
-- AUTO_INCREMENT for table `spammers`
--
ALTER TABLE `spammers`
  MODIFY `id` bigint(20) UNSIGNED NOT NULL AUTO_INCREMENT;

--
-- AUTO_INCREMENT for table `ticket`
--
ALTER TABLE `ticket`
  MODIFY `id` bigint(20) NOT NULL AUTO_INCREMENT, AUTO_INCREMENT=11;

--
-- AUTO_INCREMENT for table `user`
--
ALTER TABLE `user`
  MODIFY `id` bigint(20) NOT NULL AUTO_INCREMENT, AUTO_INCREMENT=13;

--
-- AUTO_INCREMENT for table `withdrawal`
--
ALTER TABLE `withdrawal`
  MODIFY `id` bigint(20) NOT NULL AUTO_INCREMENT, AUTO_INCREMENT=3;

--
-- Constraints for dumped tables
--

--
-- Constraints for table `authentication_log`
--
ALTER TABLE `authentication_log`
  ADD CONSTRAINT `authentication_log_ibfk_1` FOREIGN KEY (`authenticatable_id`) REFERENCES `user` (`id`) ON DELETE CASCADE ON UPDATE CASCADE;

--
-- Constraints for table `deposit`
--
ALTER TABLE `deposit`
  ADD CONSTRAINT `deposit_ibfk_1` FOREIGN KEY (`id_user`) REFERENCES `user` (`id`) ON DELETE CASCADE ON UPDATE CASCADE,
  ADD CONSTRAINT `deposit_ibfk_2` FOREIGN KEY (`id_owner`) REFERENCES `user` (`id`) ON DELETE CASCADE ON UPDATE CASCADE;

--
-- Constraints for table `income`
--
ALTER TABLE `income`
  ADD CONSTRAINT `income_ibfk_1` FOREIGN KEY (`id_withdrawal`) REFERENCES `withdrawal` (`id`) ON DELETE CASCADE ON UPDATE CASCADE,
  ADD CONSTRAINT `income_ibfk_2` FOREIGN KEY (`id_user`) REFERENCES `user` (`id`) ON DELETE CASCADE ON UPDATE CASCADE;

--
-- Constraints for table `information`
--
ALTER TABLE `information`
  ADD CONSTRAINT `information_ibfk_1` FOREIGN KEY (`id_user`) REFERENCES `user` (`id`) ON UPDATE CASCADE;

--
-- Constraints for table `recovery`
--
ALTER TABLE `recovery`
  ADD CONSTRAINT `recovery_ibfk_1` FOREIGN KEY (`email`) REFERENCES `user` (`email`) ON DELETE CASCADE ON UPDATE CASCADE;

--
-- Constraints for table `ticket`
--
ALTER TABLE `ticket`
  ADD CONSTRAINT `ticket_ibfk_1` FOREIGN KEY (`id_contract`) REFERENCES `contract` (`id`);

--
-- Constraints for table `user`
--
ALTER TABLE `user`
  ADD CONSTRAINT `user_ibfk_1` FOREIGN KEY (`id_contract`) REFERENCES `contract` (`id`);

--
-- Constraints for table `withdrawal`
--
ALTER TABLE `withdrawal`
  ADD CONSTRAINT `withdrawal_ibfk_1` FOREIGN KEY (`id_user`) REFERENCES `user` (`id`) ON UPDATE CASCADE,
  ADD CONSTRAINT `withdrawal_ibfk_2` FOREIGN KEY (`id_operator`) REFERENCES `user` (`id`) ON UPDATE CASCADE;
COMMIT;

/*!40101 SET CHARACTER_SET_CLIENT=@OLD_CHARACTER_SET_CLIENT */;
/*!40101 SET CHARACTER_SET_RESULTS=@OLD_CHARACTER_SET_RESULTS */;
/*!40101 SET COLLATION_CONNECTION=@OLD_COLLATION_CONNECTION */;
